{"cameraMode":{"drawMode":0,"name":"Shaded","section":"Shading Mode"},"sceneLighting":true,"audioPlay":false,"sceneViewState":{"m_AlwaysRefresh":false,"showFog":true,"showSkybox":true,"showFlares":true,"showImageEffects":true,"showParticleSystems":true,"showVisualEffectGraphs":true,"m_FxEnabled":true},"in2DMode":false,"pivot":{"x":0.25240057706832888,"y":1.6747846603393555,"z":-2.4933013916015627},"rotation":{"x":-0.43118685483932497,"y":-0.004866693634539843,"z":0.0023444059770554306,"w":-0.9022588729858398},"size":8.96094036102295,"orthographic":false}